ml minute 3m2	0	1.6	2	Last updated May 2017 2 In adults with type 2 diabetes, review the dose of metformin if the estimated glomerular filtration rate (eGFR) is below 45 ml minute 3m2:	Prescribe metformin with caution for those at risk of a sudden deterioration in kidney function and those at risk of eGFR falling below 45 ml minute 3m2. 3 In adults with type 2 diabetes, if metformin is contraindicated or not tolerated, consider initial drug treatment with: a dipeptidyl peptidase-4 (DPP-4) inhibitor or pioglitazone or a sulfonylurea. 4 In adults with type 2 diabetes, do not offer or continue pioglitazone if they have any of the following: heart failure or history of heart failure	
angiotensin ii-receptor antagonist	0	1.1522999999999999	1	A calcium-channel blocker should be the first-line antihypertensive drug treatment for a woman for whom, after an informed discussion, it is agreed there is a possibility of her becoming pregnant. 0 For a person with continuing intolerance to an ACE inhibitor (other than renal deterioration or hyperkalaemia), substitute an angiotensin II-receptor antagonist for the ACE inhibitor. 1 Do not combine an ACE inhibitor with an angiotensin II-receptor antagonist to treat hypertension. 2 If the person's blood pressure is not reduced to the individually agreed target with first-line therapy, add a calcium-channel blocker or a diuretic (usually a thiazide or thiazide-related diuretic)	
products regulatory agency	0	1.112	4	Medicines and Healthcare products Regulatory Agency (MHRA) guidance (2011) advises that 'prescribers should review the safety and efficacy of pioglitazone in individuals after 3–6 months of treatment to ensure that only patients who are deriving benefit continue to be treated'.	Last updated May 2017 safety (see Medicines and Healthcare products Regulatory Agency MHRA guidance) and tolerability of the drug treatment(s) the person's individual clinical circumstances, for example, comorbidities, risks from polypharmacy the person's individual preferences and needs the licensed indications or combinations available cost (if 2 drugs in the same class are appropriate, choose the option with the lowest acquisition cost).	Medicines and Healthcare products Regulatory Agency (MHRA) guidance (2011) advises that 'prescribers should review the safety and efficacy of pioglitazone in individuals after 3–6 months of treatment to ensure that only patients who are deriving benefit continue to be treated'.	Medicines and Healthcare products Regulatory Agency (MHRA) guidance (	
acute intercurrent illness	0	1.3333	1	For more information, see the NICE guideline on diabetes in pregnancy. 4 Consider short-term self-monitoring of blood glucose levels in adults with type 2 diabetes (and review treatment as necessary): when starting treatment with oral or intravenous corticosteroids or to confirm suspected hypoglycaemia. 5 Be aware that adults with type 2 diabetes who have acute intercurrent illness are at risk of worsening hyperglycaemia	
autonomic neuropathy symptoms	0	1.3333	1	Last updated May 2017 0 In managing autonomic neuropathy symptoms, include specific interventions indicated by the manifestations (for example, for abnormal sweating or nocturnal diarrhoea).	
blood pressure control	0	1.3333	1	For an adult with type 2 diabetes on antihypertensive drug treatment when diabetes is diagnosed, review blood pressure control and medications used.	
consultant-led multidisciplinary team	0	1.3333	1	Last updated May 2017 1 In adults with type 2 diabetes, only offer a GLP-1 mimetic in combination with insulin with specialist care advice and ongoing support from a consultant-led multidisciplinary team .	
diabetic peripheral neuropathy	0	1.3333	1	For guidance on managing painful diabetic peripheral neuropathy in adults with type 2 diabetes, see the NICE guideline on neuropathic pain in adults.	
excess energy intake	0	1.3333	1	Advise adults with type 2 diabetes that limited substitution of sucrose-containing foods for other carbohydrate in the meal plan is allowable, but that they should take care to avoid excess energy intake.	
generic calcium-channel blocker	0	1.3333	1	Caribbean family origin should be an ACE inhibitor plus either a diuretic or a generic calcium-channel blocker.	
hyperglycaemia review treatment	0	1.3333	0	
measure blood pressure	0	1.3333	1	Measure blood pressure at least annually in an adult with type 2 diabetes without previously diagnosed hypertension or renal disease	
nervous system damage	0	1.3333	1	Think about the possibility of contributory sympathetic nervous system damage for adults with type 2 diabetes who lose the warning signs of hypoglycaemia. 2009, amended 2015	
preventive lifestyle advice	0	1.3333	1	Offer and reinforce preventive lifestyle advice.	
renal disease offer	0	1.3333	0	
specialist care advice	0	1.3333	1	Last updated May 2017 1 In adults with type 2 diabetes, only offer a GLP-1 mimetic in combination with insulin with specialist care advice and ongoing support from a consultant-led multidisciplinary team .	
sympathetic nervous system	0	1.3333	1	Think about the possibility of contributory sympathetic nervous system damage for adults with type 2 diabetes who lose the warning signs of hypoglycaemia. 2009, amended 2015	
unexplained bladder-emptying problems	0	1.3333	1	Investigate the possibility of autonomic neuropathy affecting the bladder in adults with type 2 diabetes who have unexplained bladder-emptying problems.	
caribbean family origin	0	1.0685	2	African or Caribbean family origin, or women for whom there is a possibility of becoming pregnant.	Caribbean family origin should be an ACE inhibitor plus either a diuretic or a generic calcium-channel blocker.	
diabetic foot problems	0	0.9375999999999999	1	Diabetic foot problems 1 For guidance on preventing and managing foot problems in adults with type 2 diabetes, see the NICE guideline on diabetic foot problems.	
initial body weight	0	0.9262	2	For adults with type 2 diabetes who are overweight, set an initial body weight loss target of 5–10percent	HbA1c and a weight loss of at least 3percent of initial body weight in 6 months). 0 In adults with type 2 diabetes, if metformin is contraindicated or not tolerated, and if dual therapy with 2 oral drugs (see recommendation 6) has not continued to control HbA1c to below the person's individually agreed threshold for intensification, consider insulin-based treatment (see recommendations 2– 4).	
5–10percent individualise recommendations	0	1.0617	0	
body weight loss	0	1.0617	1	For adults with type 2 diabetes who are overweight, set an initial body weight loss target of 5–10percent	
healthy balanced eating	0	1.0617	1	Emphasise advice on healthy balanced eating that is applicable to the general population when providing advice to adults with type 2 diabetes	
weight loss target	0	1.0617	1	For adults with type 2 diabetes who are overweight, set an initial body weight loss target of 5–10percent	
gastrointestinal side effects	0	0.8671999999999999	1	Initial drug treatment 9 Offer standard-release metformin as the initial drug treatment for adults with type 2 diabetes. 0 Gradually increase the dose of standard-release metformin over several weeks to minimise the risk of gastrointestinal side effects in adults with type 2 diabetes. 1 If an adult with type 2 diabetes experiences gastrointestinal side effects with standard-release metformin, consider a trial of modified-release metformin.	
beneficial metabolic response	0	0.9019	1	Second intensification of drug treatment 7 In adults with type 2 diabetes, if dual therapy with metformin and another oral drug (see recommendation 5) has not continued to control HbA1c to below the person's individually agreed threshold for intensification, consider either: triple therapy with: metformin, a DPP-4 inhibitor and a sulfonylurea or metformin, pioglitazone and a sulfonylurea or starting insulin-based treatment (see recommendations 2– 4). 8 If triple therapy with metformin and 2 other oral drugs (see recommendation 7) is not effective, not tolerated or contraindicated, consider combination therapy with metformin, a sulfonylurea and a glucagon-like peptide-1 (GLP-1) mimetic for adults with type 2 diabetes who: have a BMI of 35 kg m2 or higher (adjust accordingly for people from black, Asian and other minority ethnic groups) and specific psychological or other medical problems associated with obesity or have a BMI lower than 35 kg m2and: for whom insulin therapy would have significant occupational implications or weight loss would benefit other significant obesity-related comorbidities. 9 Only continue GLP-1 mimetic therapy if the person with type 2 diabetes has had a beneficial metabolic response (a reduction of at least 11 mmol mol  percent in	
glp-1 mimetic therapy	0	0.9019	1	Second intensification of drug treatment 7 In adults with type 2 diabetes, if dual therapy with metformin and another oral drug (see recommendation 5) has not continued to control HbA1c to below the person's individually agreed threshold for intensification, consider either: triple therapy with: metformin, a DPP-4 inhibitor and a sulfonylurea or metformin, pioglitazone and a sulfonylurea or starting insulin-based treatment (see recommendations 2– 4). 8 If triple therapy with metformin and 2 other oral drugs (see recommendation 7) is not effective, not tolerated or contraindicated, consider combination therapy with metformin, a sulfonylurea and a glucagon-like peptide-1 (GLP-1) mimetic for adults with type 2 diabetes who: have a BMI of 35 kg m2 or higher (adjust accordingly for people from black, Asian and other minority ethnic groups) and specific psychological or other medical problems associated with obesity or have a BMI lower than 35 kg m2and: for whom insulin therapy would have significant occupational implications or weight loss would benefit other significant obesity-related comorbidities. 9 Only continue GLP-1 mimetic therapy if the person with type 2 diabetes has had a beneficial metabolic response (a reduction of at least 11 mmol mol  percent in	
mmol mol percent	0	0.9019	0	
generic angiotensin-converting enzyme	0	0.8972000000000001	1	First-line antihypertensive drug treatment should be a once-daily, generic angiotensin-converting enzyme (ACE) inhibitor	
lifestyle interventions section	0	0.8972000000000001	1	Provide lifestyle advice (see section in this guideline and the lifestyle interventions section in hypertension in adults NICE guideline CG127) if blood	
antihypertensive drug treatment	0	0.6389999999999999	4	For an adult with type 2 diabetes on antihypertensive drug treatment when diabetes is diagnosed, review blood pressure control and medications used.	First-line antihypertensive drug treatment should be a once-daily, generic angiotensin-converting enzyme (ACE) inhibitor	A calcium-channel blocker should be the first-line antihypertensive drug treatment for a woman for whom, after an informed discussion, it is agreed there is a possibility of her becoming pregnant. 0 For a person with continuing intolerance to an ACE inhibitor (other than renal deterioration or hyperkalaemia), substitute an angiotensin II-receptor antagonist for the ACE inhibitor. 1 Do not combine an ACE inhibitor with an angiotensin II-receptor antagonist to treat hypertension. 2 If the person's blood pressure is not reduced to the individually agreed target with first-line therapy, add a calcium-channel blocker or a diuretic (usually a thiazide or thiazide-related diuretic)	When using tricyclic drugs and antihypertensive drug treatments in adults with type 2 diabetes who have autonomic neuropathy, be aware of the increased likelihood of side effects such as orthostatic hypotension.	
antihypertensive drug treatments	0	0.7099000000000001	1	When using tricyclic drugs and antihypertensive drug treatments in adults with type 2 diabetes who have autonomic neuropathy, be aware of the increased likelihood of side effects such as orthostatic hypotension.	
low hba1c level	0	0.671	1	Be aware that there are other possible reasons for a low HbA1c level, for example, deteriorating renal function or sudden weight loss. 1 For guidance on HbA1c targets for women with type 2 diabetes who are pregnant or planning to become pregnant, see the NICE guideline on diabetes in pregnancy.	
sudden weight loss	0	0.671	1	Be aware that there are other possible reasons for a low HbA1c level, for example, deteriorating renal function or sudden weight loss. 1 For guidance on HbA1c targets for women with type 2 diabetes who are pregnant or planning to become pregnant, see the NICE guideline on diabetes in pregnancy.	
erratic blood glucose	0	0.6891000000000002	1	Think about a diagnosis of gastroparesis in adults with type 2 diabetes with erratic blood glucose control or unexplained gastric bloating or vomiting, taking into account possible alternative diagnoses 2009, amended 2015	
initial drug treatment	0	0.5149000000000001	3	Initial drug treatment 9 Offer standard-release metformin as the initial drug treatment for adults with type 2 diabetes. 0 Gradually increase the dose of standard-release metformin over several weeks to minimise the risk of gastrointestinal side effects in adults with type 2 diabetes. 1 If an adult with type 2 diabetes experiences gastrointestinal side effects with standard-release metformin, consider a trial of modified-release metformin.	Prescribe metformin with caution for those at risk of a sudden deterioration in kidney function and those at risk of eGFR falling below 45 ml minute 3m2. 3 In adults with type 2 diabetes, if metformin is contraindicated or not tolerated, consider initial drug treatment with: a dipeptidyl peptidase-4 (DPP-4) inhibitor or pioglitazone or a sulfonylurea. 4 In adults with type 2 diabetes, do not offer or continue pioglitazone if they have any of the following: heart failure or history of heart failure	First intensification of drug treatment 5 In adults with type 2 diabetes, if initial drug treatment with metformin has not continued to control HbA1c to below the person's individually agreed threshold for intensification, consider dual therapy with: metformin and a DPP-4 inhibitor or metformin and pioglitazone or metformin and a sulfonylurea. 6 In adults with type 2 diabetes, if metformin is contraindicated or not tolerated and initial drug treatment has not continued to control HbA1c to below the person's individually agreed threshold for intensification, consider dual therapy with: a DPP-4 inhibitor and pioglitazone or a DPP-4 inhibitor and a sulfonylurea or pioglitazone and a sulfonylurea.	
diabetes healthcare team	0	0.5786	1	Ensure that all members of the diabetes healthcare team are familiar with the patient-education programmes available locally, that these programmes are integrated with the rest of the care pathway, and that adults with type 2 diabetes and their family members or carers (as appropriate) have the opportunity to contribute to the design and provision of local programmes.	
vehicle licensing agency	0	0.5631	1	Self-monitoring of blood glucose 2 Take the Driver and Vehicle Licensing Agency (DVLA) At a glance guide to the current medical standards of fitness to drive into account when offering self-monitoring of blood glucose levels for adults with type 2 diabetes. 3 Do not routinely offer self-monitoring of blood glucose levels for adults with type 2 diabetes unless: the person is on insulin or there is evidence of hypoglycaemic episodes or the person is on oral medication that may increase their risk of hypoglycaemia while driving or operating machinery or	
first-line antihypertensive drug	0	0.4566	2	First-line antihypertensive drug treatment should be a once-daily, generic angiotensin-converting enzyme (ACE) inhibitor	A calcium-channel blocker should be the first-line antihypertensive drug treatment for a woman for whom, after an informed discussion, it is agreed there is a possibility of her becoming pregnant. 0 For a person with continuing intolerance to an ACE inhibitor (other than renal deterioration or hyperkalaemia), substitute an angiotensin II-receptor antagonist for the ACE inhibitor. 1 Do not combine an ACE inhibitor with an angiotensin II-receptor antagonist to treat hypertension. 2 If the person's blood pressure is not reduced to the individually agreed target with first-line therapy, add a calcium-channel blocker or a diuretic (usually a thiazide or thiazide-related diuretic)	
blood glucose levels	0	0.40169999999999995	4	Self-monitoring of blood glucose 2 Take the Driver and Vehicle Licensing Agency (DVLA) At a glance guide to the current medical standards of fitness to drive into account when offering self-monitoring of blood glucose levels for adults with type 2 diabetes. 3 Do not routinely offer self-monitoring of blood glucose levels for adults with type 2 diabetes unless: the person is on insulin or there is evidence of hypoglycaemic episodes or the person is on oral medication that may increase their risk of hypoglycaemia while driving or operating machinery or	For more information, see the NICE guideline on diabetes in pregnancy. 4 Consider short-term self-monitoring of blood glucose levels in adults with type 2 diabetes (and review treatment as necessary): when starting treatment with oral or intravenous corticosteroids or to confirm suspected hypoglycaemia. 5 Be aware that adults with type 2 diabetes who have acute intercurrent illness are at risk of worsening hyperglycaemia	Review treatment as necessary. 6 If adults with type 2 diabetes are self-monitoring their blood glucose levels, carry out a structured assessment at least annually	Consider pre-mixed (biphasic) preparations that include short-acting insulin analogues, rather than pre-mixed (biphasic) preparations that include short-acting human insulin preparations, if: a person prefers injecting insulin immediately before a meal or hypoglycaemia is a problem or blood glucose levels rise markedly after meals. 5 Consider switching to insulin detemir or insulin glargine from NPH insulin in adults with type 2 diabetes: who do not reach their target HbA1c because of significant hypoglycaemia or who experience significant hypoglycaemia on NPH insulin irrespective of the level of	
agency mhra guidance	0	0.5228	1	Last updated May 2017 safety (see Medicines and Healthcare products Regulatory Agency MHRA guidance) and tolerability of the drug treatment(s) the person's individual clinical circumstances, for example, comorbidities, risks from polypharmacy the person's individual preferences and needs the licensed indications or combinations available cost (if 2 drugs in the same class are appropriate, choose the option with the lowest acquisition cost).	
individual clinical circumstances	0	0.5228	1	Last updated May 2017 safety (see Medicines and Healthcare products Regulatory Agency MHRA guidance) and tolerability of the drug treatment(s) the person's individual clinical circumstances, for example, comorbidities, risks from polypharmacy the person's individual preferences and needs the licensed indications or combinations available cost (if 2 drugs in the same class are appropriate, choose the option with the lowest acquisition cost).	
regulatory agency mhra	0	0.5228	1	Last updated May 2017 safety (see Medicines and Healthcare products Regulatory Agency MHRA guidance) and tolerability of the drug treatment(s) the person's individual clinical circumstances, for example, comorbidities, risks from polypharmacy the person's individual preferences and needs the licensed indications or combinations available cost (if 2 drugs in the same class are appropriate, choose the option with the lowest acquisition cost).	
current medical standards	0	0.38180000000000003	2	Self-monitoring of blood glucose 2 Take the Driver and Vehicle Licensing Agency (DVLA) At a glance guide to the current medical standards of fitness to drive into account when offering self-monitoring of blood glucose levels for adults with type 2 diabetes. 3 Do not routinely offer self-monitoring of blood glucose levels for adults with type 2 diabetes unless: the person is on insulin or there is evidence of hypoglycaemic episodes or the person is on oral medication that may increase their risk of hypoglycaemia while driving or operating machinery or	DVLA guidance (At a glance guide to the current medical standards of fitness to drive) management of hypoglycaemia management of acute changes in plasma glucose control support from an appropriately trained and experienced healthcare professional. 3 When starting insulin therapy in adults with type 2 diabetes, continue to offer metformin for people without contraindications or intolerance	
measure hba1c levels	0	0.3178000000000001	1	In adults with type 2 diabetes, measure HbA1c levels at: 3–6-monthly intervals (tailored to individual needs), until the HbA1c is stable on unchanging therapy 6-monthly intervals once the HbA1c level and blood glucose lowering therapy are stable.	
therapy 6-monthly intervals	0	0.3178000000000001	1	In adults with type 2 diabetes, measure HbA1c levels at: 3–6-monthly intervals (tailored to individual needs), until the HbA1c is stable on unchanging therapy 6-monthly intervals once the HbA1c level and blood glucose lowering therapy are stable.	
unchanging therapy 6-monthly	0	0.3178000000000001	1	In adults with type 2 diabetes, measure HbA1c levels at: 3–6-monthly intervals (tailored to individual needs), until the HbA1c is stable on unchanging therapy 6-monthly intervals once the HbA1c level and blood glucose lowering therapy are stable.	
blood glucose results	0	0.34719999999999995	1	The assessment should include: the person's self-monitoring skills the quality and frequency of testing checking that the person knows how to interpret the blood glucose results and what action to take the impact on the person's quality of life the continued benefit to the person the equipment used.	
active insulin dose	0	0.3429	1	Insulin-based treatments 2 When starting insulin therapy in adults with type 2 diabetes, use a structured programme employing active insulin dose titration that encompasses: injection technique, including rotating injection sites and avoiding repeated injections at the same point within sites continuing telephone support self-monitoring dose titration to target levels dietary understanding	
dietary understanding dvla	0	0.3429	0	
glucose control support	0	0.3429	1	DVLA guidance (At a glance guide to the current medical standards of fitness to drive) management of hypoglycaemia management of acute changes in plasma glucose control support from an appropriately trained and experienced healthcare professional. 3 When starting insulin therapy in adults with type 2 diabetes, continue to offer metformin for people without contraindications or intolerance	
insulin dose titration	0	0.3429	1	Insulin-based treatments 2 When starting insulin therapy in adults with type 2 diabetes, use a structured programme employing active insulin dose titration that encompasses: injection technique, including rotating injection sites and avoiding repeated injections at the same point within sites continuing telephone support self-monitoring dose titration to target levels dietary understanding	
plasma glucose control	0	0.3429	1	DVLA guidance (At a glance guide to the current medical standards of fitness to drive) management of hypoglycaemia management of acute changes in plasma glucose control support from an appropriately trained and experienced healthcare professional. 3 When starting insulin therapy in adults with type 2 diabetes, continue to offer metformin for people without contraindications or intolerance	
self-monitoring dose titration	0	0.3429	1	Insulin-based treatments 2 When starting insulin therapy in adults with type 2 diabetes, use a structured programme employing active insulin dose titration that encompasses: injection technique, including rotating injection sites and avoiding repeated injections at the same point within sites continuing telephone support self-monitoring dose titration to target levels dietary understanding	
starting insulin therapy	0	0.3429	2	Insulin-based treatments 2 When starting insulin therapy in adults with type 2 diabetes, use a structured programme employing active insulin dose titration that encompasses: injection technique, including rotating injection sites and avoiding repeated injections at the same point within sites continuing telephone support self-monitoring dose titration to target levels dietary understanding	DVLA guidance (At a glance guide to the current medical standards of fitness to drive) management of hypoglycaemia management of acute changes in plasma glucose control support from an appropriately trained and experienced healthcare professional. 3 When starting insulin therapy in adults with type 2 diabetes, continue to offer metformin for people without contraindications or intolerance	
support self-monitoring dose	0	0.3429	1	Insulin-based treatments 2 When starting insulin therapy in adults with type 2 diabetes, use a structured programme employing active insulin dose titration that encompasses: injection technique, including rotating injection sites and avoiding repeated injections at the same point within sites continuing telephone support self-monitoring dose titration to target levels dietary understanding	
telephone support self-monitoring	0	0.3429	1	Insulin-based treatments 2 When starting insulin therapy in adults with type 2 diabetes, use a structured programme employing active insulin dose titration that encompasses: injection technique, including rotating injection sites and avoiding repeated injections at the same point within sites continuing telephone support self-monitoring dose titration to target levels dietary understanding	
understanding dvla guidance	0	0.3429	0	
heart failure type	0	0.3398	0	
nice's guidance	0	0.3398	1	Treatment with sodium–glucose cotransporter 2 (SGLT-2) inhibitors , may be appropriate for some adults with type 2 diabetes if metformin is contraindicated or not tolerated (see NICE's guidance on canagliflozin, dapagliflozin and empagliflozin as monotherapies for treating type 2 diabetes).	
structured education programme	0	0.3369	1	Ensure that any structured education programme for adults with type 2 diabetes includes the following components:	
estimated glomerular filtration	0	0.3264	1	Last updated May 2017 2 In adults with type 2 diabetes, review the dose of metformin if the estimated glomerular filtration rate (eGFR) is below 45 ml minute 3m2:	
glomerular filtration rate	0	0.3264	1	Last updated May 2017 2 In adults with type 2 diabetes, review the dose of metformin if the estimated glomerular filtration rate (eGFR) is below 45 ml minute 3m2:	
problematic erectile dysfunction	0	0.20720000000000005	1	Erectile dysfunction 3 Offer men with type 2 diabetes the opportunity to discuss erectile dysfunction as part of their annual review. 4 Assess, educate and support men with type 2 diabetes who have problematic erectile dysfunction, addressing contributory factors such as cardiovascular disease as well as possible treatment options. 5 Consider a phosphodiesterase-5 inhibitor to treat problematic erectile dysfunction in men with type 2 diabetes, initially choosing the drug with the lowest acquisition cost and taking into account any contraindications. 6 Following discussion, refer men with type 2 diabetes to a service offering other medical, surgical or psychological management of erectile dysfunction if treatment (including a phosphodiesterase-5 inhibitor, as appropriate) has been unsuccessful.	
licensed non-metformin-based combination	0	0.09399999999999997	2	However, discuss with any person for whom repaglinide is being considered, that there is no licensed non-metformin-based combination containing repaglinide that can be offered at first intensification.	However, discuss with any person for whom repaglinide is being considered, that there is no licensed non-metformin-based combination containing repaglinide that can be offered at first intensification.	
eye screening service	0	0.1905	1	Eye disease 7 On diagnosis, GPs should immediately refer adults with type 2 diabetes to the local eye screening service	
eye screening systems	0	0.1905	1	Last updated May 2017 8 Explain the reasons for, and success of, eye screening systems to adults with type 2 diabetes, so that attendance is not reduced by lack of knowledge or fear of outcome. 9 Use mydriasis with tropicamide when photographing the retina, after prior informed agreement following discussion of the advantages and disadvantages.	
local eye screening	0	0.1905	1	Eye disease 7 On diagnosis, GPs should immediately refer adults with type 2 diabetes to the local eye screening service	
screening service type	0	0.1905	0	
blood glucose control	0	0.09950000000000003	4	Last updated May 2017 on a case-by-case basis, with particular consideration for people who are older or frail, for adults with type 2 diabetes: who are unlikely to achieve longer-term risk-reduction benefits, for example, people with a reduced life expectancy for whom tight blood glucose control poses a high risk of the consequences of hypoglycaemia, for example, people who are at risk of falling, people who have impaired awareness of hypoglycaemia, and people who drive or operate machinery as part of their job for whom intensive management would not be appropriate, for example, people with significant comorbidities. 0 If adults with type 2 diabetes achieve an HbA1c level that is lower than their target and they are not experiencing hypoglycaemia, encourage them to maintain it	Rescue therapy at any phase of treatment 8 If an adult with type 2 diabetes is symptomatically hyperglycaemic, consider insulin (see recommendations 2– 4) or a sulfonylurea, and review treatment when blood glucose control has been achieved.	Last updated May 2017 who need help from a carer or healthcare professional to administer insulin injections and for whom switching to one of the long-acting insulin analogues would reduce the number of daily injections. 6 Monitor adults with type 2 diabetes who are on a basal insulin regimen (NPH insulin, insulin detemir or insulin glargine ) for the need for short-acting insulin before meals (or a pre-mixed biphasic insulin preparation). 7 Monitor adults with type 2 diabetes who are on pre-mixed (biphasic) insulin for the need for a further injection of short-acting insulin before meals or for a change to a basal bolus regimen with NPH insulin or insulin detemir or insulin glargine , if blood glucose control remains inadequate.	Think about a diagnosis of gastroparesis in adults with type 2 diabetes with erratic blood glucose control or unexplained gastric bloating or vomiting, taking into account possible alternative diagnoses 2009, amended 2015	
national screening type	0	0.1272000000000001	0	
chronic kidney disease	0	0.031299999999999883	1	NICE guideline on chronic kidney disease in adults.	
diabetic kidney disease	0	0.031299999999999883	1	Diabetic kidney disease 2 For guidance on managing kidney disease in adults with type 2 diabetes, see the	
insulin delivery section	0	0.017699999999999938	1	Insulin delivery 8 For guidance on insulin delivery for adults with type 2 diabetes, see the insulin delivery section in the NICE guideline on type 1 diabetes.	
arrange emergency review	0	0.06580000000000008	1	Discussions should include precautions for driving. 0 Use a quality-assured digital retinal photography programme using appropriately trained staff. 1 Perform visual acuity testing as a routine part of eye screening programmes. 2 Depending on the findings, follow structured eye screening by: routine review in 1 year or earlier review or referral to an ophthalmologist. 3 Arrange emergency review by an ophthalmologist for: sudden loss of vision rubeosis iridis pre-retinal or vitreous haemorrhage retinal detachment. 4 Arrange rapid review by an ophthalmologist for new vessel formation. 5 Refer to an ophthalmologist in accordance with the National Screening	
arrange rapid review	0	0.06580000000000008	1	Discussions should include precautions for driving. 0 Use a quality-assured digital retinal photography programme using appropriately trained staff. 1 Perform visual acuity testing as a routine part of eye screening programmes. 2 Depending on the findings, follow structured eye screening by: routine review in 1 year or earlier review or referral to an ophthalmologist. 3 Arrange emergency review by an ophthalmologist for: sudden loss of vision rubeosis iridis pre-retinal or vitreous haemorrhage retinal detachment. 4 Arrange rapid review by an ophthalmologist for new vessel formation. 5 Refer to an ophthalmologist in accordance with the National Screening	
digital retinal photography	0	0.06580000000000008	1	Discussions should include precautions for driving. 0 Use a quality-assured digital retinal photography programme using appropriately trained staff. 1 Perform visual acuity testing as a routine part of eye screening programmes. 2 Depending on the findings, follow structured eye screening by: routine review in 1 year or earlier review or referral to an ophthalmologist. 3 Arrange emergency review by an ophthalmologist for: sudden loss of vision rubeosis iridis pre-retinal or vitreous haemorrhage retinal detachment. 4 Arrange rapid review by an ophthalmologist for new vessel formation. 5 Refer to an ophthalmologist in accordance with the National Screening	
eye screening programmes	0	0.06580000000000008	1	Discussions should include precautions for driving. 0 Use a quality-assured digital retinal photography programme using appropriately trained staff. 1 Perform visual acuity testing as a routine part of eye screening programmes. 2 Depending on the findings, follow structured eye screening by: routine review in 1 year or earlier review or referral to an ophthalmologist. 3 Arrange emergency review by an ophthalmologist for: sudden loss of vision rubeosis iridis pre-retinal or vitreous haemorrhage retinal detachment. 4 Arrange rapid review by an ophthalmologist for new vessel formation. 5 Refer to an ophthalmologist in accordance with the National Screening	
haemorrhage retinal detachment	0	0.06580000000000008	1	Discussions should include precautions for driving. 0 Use a quality-assured digital retinal photography programme using appropriately trained staff. 1 Perform visual acuity testing as a routine part of eye screening programmes. 2 Depending on the findings, follow structured eye screening by: routine review in 1 year or earlier review or referral to an ophthalmologist. 3 Arrange emergency review by an ophthalmologist for: sudden loss of vision rubeosis iridis pre-retinal or vitreous haemorrhage retinal detachment. 4 Arrange rapid review by an ophthalmologist for new vessel formation. 5 Refer to an ophthalmologist in accordance with the National Screening	
perform visual acuity	0	0.06580000000000008	1	Discussions should include precautions for driving. 0 Use a quality-assured digital retinal photography programme using appropriately trained staff. 1 Perform visual acuity testing as a routine part of eye screening programmes. 2 Depending on the findings, follow structured eye screening by: routine review in 1 year or earlier review or referral to an ophthalmologist. 3 Arrange emergency review by an ophthalmologist for: sudden loss of vision rubeosis iridis pre-retinal or vitreous haemorrhage retinal detachment. 4 Arrange rapid review by an ophthalmologist for new vessel formation. 5 Refer to an ophthalmologist in accordance with the National Screening	
retinal photography programme	0	0.06580000000000008	1	Discussions should include precautions for driving. 0 Use a quality-assured digital retinal photography programme using appropriately trained staff. 1 Perform visual acuity testing as a routine part of eye screening programmes. 2 Depending on the findings, follow structured eye screening by: routine review in 1 year or earlier review or referral to an ophthalmologist. 3 Arrange emergency review by an ophthalmologist for: sudden loss of vision rubeosis iridis pre-retinal or vitreous haemorrhage retinal detachment. 4 Arrange rapid review by an ophthalmologist for new vessel formation. 5 Refer to an ophthalmologist in accordance with the National Screening	
vision rubeosis iridis	0	0.06580000000000008	1	Discussions should include precautions for driving. 0 Use a quality-assured digital retinal photography programme using appropriately trained staff. 1 Perform visual acuity testing as a routine part of eye screening programmes. 2 Depending on the findings, follow structured eye screening by: routine review in 1 year or earlier review or referral to an ophthalmologist. 3 Arrange emergency review by an ophthalmologist for: sudden loss of vision rubeosis iridis pre-retinal or vitreous haemorrhage retinal detachment. 4 Arrange rapid review by an ophthalmologist for new vessel formation. 5 Refer to an ophthalmologist in accordance with the National Screening	
visual acuity testing	0	0.06580000000000008	1	Discussions should include precautions for driving. 0 Use a quality-assured digital retinal photography programme using appropriately trained staff. 1 Perform visual acuity testing as a routine part of eye screening programmes. 2 Depending on the findings, follow structured eye screening by: routine review in 1 year or earlier review or referral to an ophthalmologist. 3 Arrange emergency review by an ophthalmologist for: sudden loss of vision rubeosis iridis pre-retinal or vitreous haemorrhage retinal detachment. 4 Arrange rapid review by an ophthalmologist for new vessel formation. 5 Refer to an ophthalmologist in accordance with the National Screening	
vitreous haemorrhage retinal	0	0.06580000000000008	1	Discussions should include precautions for driving. 0 Use a quality-assured digital retinal photography programme using appropriately trained staff. 1 Perform visual acuity testing as a routine part of eye screening programmes. 2 Depending on the findings, follow structured eye screening by: routine review in 1 year or earlier review or referral to an ophthalmologist. 3 Arrange emergency review by an ophthalmologist for: sudden loss of vision rubeosis iridis pre-retinal or vitreous haemorrhage retinal detachment. 4 Arrange rapid review by an ophthalmologist for new vessel formation. 5 Refer to an ophthalmologist in accordance with the National Screening	
blood pressure measurements	0	7.999999999999119E-4	1	Repeat blood pressure measurements within: 1 month if blood pressure is higher than 150 90 mmHg 2 months if blood pressure is higher than 140 80 mmHg 2 months if blood pressure is higher than 130 80 mmHg and there is kidney, eye or cerebrovascular damage.	
repeat blood pressure	0	7.999999999999119E-4	1	Repeat blood pressure measurements within: 1 month if blood pressure is higher than 150 90 mmHg 2 months if blood pressure is higher than 140 80 mmHg 2 months if blood pressure is higher than 130 80 mmHg and there is kidney, eye or cerebrovascular damage.	
offer standard-release metformin	0	-0.034700000000000064	1	Initial drug treatment 9 Offer standard-release metformin as the initial drug treatment for adults with type 2 diabetes. 0 Gradually increase the dose of standard-release metformin over several weeks to minimise the risk of gastrointestinal side effects in adults with type 2 diabetes. 1 If an adult with type 2 diabetes experiences gastrointestinal side effects with standard-release metformin, consider a trial of modified-release metformin.	
human insulin preparations	0	-0.05120000000000002	1	Consider pre-mixed (biphasic) preparations that include short-acting insulin analogues, rather than pre-mixed (biphasic) preparations that include short-acting human insulin preparations, if: a person prefers injecting insulin immediately before a meal or hypoglycaemia is a problem or blood glucose levels rise markedly after meals. 5 Consider switching to insulin detemir or insulin glargine from NPH insulin in adults with type 2 diabetes: who do not reach their target HbA1c because of significant hypoglycaemia or who experience significant hypoglycaemia on NPH insulin irrespective of the level of	
short-acting human insulin	0	-0.05120000000000002	1	Consider pre-mixed (biphasic) preparations that include short-acting insulin analogues, rather than pre-mixed (biphasic) preparations that include short-acting human insulin preparations, if: a person prefers injecting insulin immediately before a meal or hypoglycaemia is a problem or blood glucose levels rise markedly after meals. 5 Consider switching to insulin detemir or insulin glargine from NPH insulin in adults with type 2 diabetes: who do not reach their target HbA1c because of significant hypoglycaemia or who experience significant hypoglycaemia on NPH insulin irrespective of the level of	
short-acting insulin analogues	0	-0.05120000000000002	1	Consider pre-mixed (biphasic) preparations that include short-acting insulin analogues, rather than pre-mixed (biphasic) preparations that include short-acting human insulin preparations, if: a person prefers injecting insulin immediately before a meal or hypoglycaemia is a problem or blood glucose levels rise markedly after meals. 5 Consider switching to insulin detemir or insulin glargine from NPH insulin in adults with type 2 diabetes: who do not reach their target HbA1c because of significant hypoglycaemia or who experience significant hypoglycaemia on NPH insulin irrespective of the level of	
start insulin therapy	0	-0.05120000000000002	1	Review the continued need for other blood glucose lowering therapies . 4 Start insulin therapy for adults with type 2 diabetes from a choice of a number of insulin types and regimens:	
excess weight gain	0	-0.05740000000000012	1	When adults with type 2 diabetes are admitted to hospital as inpatients or to any other care setting, implement a meal planning system that provides consistency in the carbohydrate content of meals and snacks. 0 For recommendations on lifestyle advice, see the NICE guidelines on: preventing excess weight gain, weight management, obesity, physical activity, smoking: brief interventions and referrals, stop smoking services, smoking: harm reduction, and smoking: acute, maternity and mental health services. 1 For recommendations on bariatric surgery for people with recent-onset type 2 diabetes, see the section on bariatric surgery for people with recent-onset type 2 diabetes in the NICE guideline on obesity.	
meal planning system	0	-0.05740000000000012	1	When adults with type 2 diabetes are admitted to hospital as inpatients or to any other care setting, implement a meal planning system that provides consistency in the carbohydrate content of meals and snacks. 0 For recommendations on lifestyle advice, see the NICE guidelines on: preventing excess weight gain, weight management, obesity, physical activity, smoking: brief interventions and referrals, stop smoking services, smoking: harm reduction, and smoking: acute, maternity and mental health services. 1 For recommendations on bariatric surgery for people with recent-onset type 2 diabetes, see the section on bariatric surgery for people with recent-onset type 2 diabetes in the NICE guideline on obesity.	
mental health services	1	-0.05740000000000012	1	When adults with type 2 diabetes are admitted to hospital as inpatients or to any other care setting, implement a meal planning system that provides consistency in the carbohydrate content of meals and snacks. 0 For recommendations on lifestyle advice, see the NICE guidelines on: preventing excess weight gain, weight management, obesity, physical activity, smoking: brief interventions and referrals, stop smoking services, smoking: harm reduction, and smoking: acute, maternity and mental health services. 1 For recommendations on bariatric surgery for people with recent-onset type 2 diabetes, see the section on bariatric surgery for people with recent-onset type 2 diabetes in the NICE guideline on obesity.	
minority ethnic groups	0	-0.07050000000000012	1	Second intensification of drug treatment 7 In adults with type 2 diabetes, if dual therapy with metformin and another oral drug (see recommendation 5) has not continued to control HbA1c to below the person's individually agreed threshold for intensification, consider either: triple therapy with: metformin, a DPP-4 inhibitor and a sulfonylurea or metformin, pioglitazone and a sulfonylurea or starting insulin-based treatment (see recommendations 2– 4). 8 If triple therapy with metformin and 2 other oral drugs (see recommendation 7) is not effective, not tolerated or contraindicated, consider combination therapy with metformin, a sulfonylurea and a glucagon-like peptide-1 (GLP-1) mimetic for adults with type 2 diabetes who: have a BMI of 35 kg m2 or higher (adjust accordingly for people from black, Asian and other minority ethnic groups) and specific psychological or other medical problems associated with obesity or have a BMI lower than 35 kg m2and: for whom insulin therapy would have significant occupational implications or weight loss would benefit other significant obesity-related comorbidities. 9 Only continue GLP-1 mimetic therapy if the person with type 2 diabetes has had a beneficial metabolic response (a reduction of at least 11 mmol mol  percent in	
significant obesity-related comorbidities	0	-0.07050000000000012	1	Second intensification of drug treatment 7 In adults with type 2 diabetes, if dual therapy with metformin and another oral drug (see recommendation 5) has not continued to control HbA1c to below the person's individually agreed threshold for intensification, consider either: triple therapy with: metformin, a DPP-4 inhibitor and a sulfonylurea or metformin, pioglitazone and a sulfonylurea or starting insulin-based treatment (see recommendations 2– 4). 8 If triple therapy with metformin and 2 other oral drugs (see recommendation 7) is not effective, not tolerated or contraindicated, consider combination therapy with metformin, a sulfonylurea and a glucagon-like peptide-1 (GLP-1) mimetic for adults with type 2 diabetes who: have a BMI of 35 kg m2 or higher (adjust accordingly for people from black, Asian and other minority ethnic groups) and specific psychological or other medical problems associated with obesity or have a BMI lower than 35 kg m2and: for whom insulin therapy would have significant occupational implications or weight loss would benefit other significant obesity-related comorbidities. 9 Only continue GLP-1 mimetic therapy if the person with type 2 diabetes has had a beneficial metabolic response (a reduction of at least 11 mmol mol  percent in	
significant occupational implications	0	-0.07050000000000012	1	Second intensification of drug treatment 7 In adults with type 2 diabetes, if dual therapy with metformin and another oral drug (see recommendation 5) has not continued to control HbA1c to below the person's individually agreed threshold for intensification, consider either: triple therapy with: metformin, a DPP-4 inhibitor and a sulfonylurea or metformin, pioglitazone and a sulfonylurea or starting insulin-based treatment (see recommendations 2– 4). 8 If triple therapy with metformin and 2 other oral drugs (see recommendation 7) is not effective, not tolerated or contraindicated, consider combination therapy with metformin, a sulfonylurea and a glucagon-like peptide-1 (GLP-1) mimetic for adults with type 2 diabetes who: have a BMI of 35 kg m2 or higher (adjust accordingly for people from black, Asian and other minority ethnic groups) and specific psychological or other medical problems associated with obesity or have a BMI lower than 35 kg m2and: for whom insulin therapy would have significant occupational implications or weight loss would benefit other significant obesity-related comorbidities. 9 Only continue GLP-1 mimetic therapy if the person with type 2 diabetes has had a beneficial metabolic response (a reduction of at least 11 mmol mol  percent in	
hba1c target offer	0	-0.09860000000000002	0	
individual hba1c target	0	-0.09860000000000002	1	Involve adults with type 2 diabetes in decisions about their individual HbA1c target	
investigate unexplained discrepancies	0	-0.09860000000000002	1	Investigate unexplained discrepancies between HbA1c and other glucose measurements	
offer lifestyle advice	0	-0.09860000000000002	1	Offer lifestyle advice and drug treatment to support adults with type 2 diabetes to achieve and maintain their HbA1c target (see section )	
target offer lifestyle	0	-0.09860000000000002	0	
target hba1c level	0	-0.2514	1	Consider relaxing the target HbA1c level (see recommendations and )	
tight blood glucose	0	-0.2514	1	Last updated May 2017 on a case-by-case basis, with particular consideration for people who are older or frail, for adults with type 2 diabetes: who are unlikely to achieve longer-term risk-reduction benefits, for example, people with a reduced life expectancy for whom tight blood glucose control poses a high risk of the consequences of hypoglycaemia, for example, people who are at risk of falling, people who have impaired awareness of hypoglycaemia, and people who drive or operate machinery as part of their job for whom intensive management would not be appropriate, for example, people with significant comorbidities. 0 If adults with type 2 diabetes achieve an HbA1c level that is lower than their target and they are not experiencing hypoglycaemia, encourage them to maintain it	
basal bolus regimen	0	-0.644	1	Last updated May 2017 who need help from a carer or healthcare professional to administer insulin injections and for whom switching to one of the long-acting insulin analogues would reduce the number of daily injections. 6 Monitor adults with type 2 diabetes who are on a basal insulin regimen (NPH insulin, insulin detemir or insulin glargine ) for the need for short-acting insulin before meals (or a pre-mixed biphasic insulin preparation). 7 Monitor adults with type 2 diabetes who are on pre-mixed (biphasic) insulin for the need for a further injection of short-acting insulin before meals or for a change to a basal bolus regimen with NPH insulin or insulin detemir or insulin glargine , if blood glucose control remains inadequate.	
basal insulin regimen	0	-0.644	1	Last updated May 2017 who need help from a carer or healthcare professional to administer insulin injections and for whom switching to one of the long-acting insulin analogues would reduce the number of daily injections. 6 Monitor adults with type 2 diabetes who are on a basal insulin regimen (NPH insulin, insulin detemir or insulin glargine ) for the need for short-acting insulin before meals (or a pre-mixed biphasic insulin preparation). 7 Monitor adults with type 2 diabetes who are on pre-mixed (biphasic) insulin for the need for a further injection of short-acting insulin before meals or for a change to a basal bolus regimen with NPH insulin or insulin detemir or insulin glargine , if blood glucose control remains inadequate.	
biphasic insulin preparation	0	-0.644	1	Last updated May 2017 who need help from a carer or healthcare professional to administer insulin injections and for whom switching to one of the long-acting insulin analogues would reduce the number of daily injections. 6 Monitor adults with type 2 diabetes who are on a basal insulin regimen (NPH insulin, insulin detemir or insulin glargine ) for the need for short-acting insulin before meals (or a pre-mixed biphasic insulin preparation). 7 Monitor adults with type 2 diabetes who are on pre-mixed (biphasic) insulin for the need for a further injection of short-acting insulin before meals or for a change to a basal bolus regimen with NPH insulin or insulin detemir or insulin glargine , if blood glucose control remains inadequate.	
pre-mixed biphasic insulin	0	-0.644	1	Last updated May 2017 who need help from a carer or healthcare professional to administer insulin injections and for whom switching to one of the long-acting insulin analogues would reduce the number of daily injections. 6 Monitor adults with type 2 diabetes who are on a basal insulin regimen (NPH insulin, insulin detemir or insulin glargine ) for the need for short-acting insulin before meals (or a pre-mixed biphasic insulin preparation). 7 Monitor adults with type 2 diabetes who are on pre-mixed (biphasic) insulin for the need for a further injection of short-acting insulin before meals or for a change to a basal bolus regimen with NPH insulin or insulin detemir or insulin glargine , if blood glucose control remains inadequate.	
