acute intercurrent illness	0	1.0	2	Be aware that adults with type 2 diabetes who have acute intercurrent illness are at risk of worsening hyperglycaemia	Be aware that adults with type 2 diabetes who have acute intercurrent illness are at risk of worsening hyperglycaemia	
angiotensin ii-receptor antagonist	0	1.0	6	For a person with continuing intolerance to an ACE inhibitor (other than renal deterioration or hyperkalaemia), substitute an angiotensin II-receptor antagonist for the ACE inhibitor.	If the person's blood pressure is not reduced to the individually agreed target with triple therapy, add an alpha-blocker, a beta-blocker or a potassium-sparing diuretic (the last with caution if the person is already taking an ACE inhibitor or an angiotensin II-receptor antagonist).	For a person with continuing intolerance to an ACE inhibitor (other than renal deterioration or hyperkalaemia), substitute an angiotensin II-receptor antagonist for the ACE inhibitor.	If the person's blood pressure is not reduced to the individually agreed target with triple therapy, add an alpha-blocker, a beta-blocker or a potassium-sparing diuretic (the last with caution if the person is already taking an ACE inhibitor or an angiotensin II-receptor antagonist).	Do not combine an ACE inhibitor with an angiotensin II-receptor antagonist to treat hypertension.	Do not combine an ACE inhibitor with an angiotensin II-receptor antagonist to treat hypertension.	
arrange emergency review	0	1.0	2	Arrange emergency review by an ophthalmologist for: sudden loss of vision rubeosis iridis pre-retinal or vitreous haemorrhage retinal detachment.	Arrange emergency review by an ophthalmologist for: sudden loss of vision rubeosis iridis pre-retinal or vitreous haemorrhage retinal detachment.	
arrange rapid review	0	1.0	2	Arrange rapid review by an ophthalmologist for new vessel formation.	Arrange rapid review by an ophthalmologist for new vessel formation.	
autonomic neuropathy symptoms	0	1.0	2	In managing autonomic neuropathy symptoms, include specific interventions indicated by the manifestations (for example, for abnormal sweating or nocturnal diarrhoea).	In managing autonomic neuropathy symptoms, include specific interventions indicated by the manifestations (for example, for abnormal sweating or nocturnal diarrhoea).	
blood pressure control	0	1.0	2	For an adult with type 2 diabetes on antihypertensive drug treatment when diabetes is diagnosed, review blood pressure control and medications used.	For an adult with type 2 diabetes on antihypertensive drug treatment when diabetes is diagnosed, review blood pressure control and medications used.	
consultant-led multidisciplinary team	0	1.0	4	A consultant-led multidisciplinary team may include a wide range of staff based in primary, secondary and community care.	A consultant-led multidisciplinary team may include a wide range of staff based in primary, secondary and community care.	In adults with type 2 diabetes, only offer a GLP-1 mimetic in combination with insulin with specialist care advice and ongoing support from a consultant-led multidisciplinary team .	In adults with type 2 diabetes, only offer a GLP-1 mimetic in combination with insulin with specialist care advice and ongoing support from a consultant-led multidisciplinary team .	
current drug treatment	0	1.0	2	Make changes only if there is poor control or if current drug treatment is not appropriate because of microvascular complications or metabolic problems.	Make changes only if there is poor control or if current drug treatment is not appropriate because of microvascular complications or metabolic problems.	
diabetic peripheral neuropathy	0	1.0	2	For guidance on managing painful diabetic peripheral neuropathy in adults with type 2 diabetes, see the NICE guideline on neuropathic pain in adults.	For guidance on managing painful diabetic peripheral neuropathy in adults with type 2 diabetes, see the NICE guideline on neuropathic pain in adults.	
drug treatment recommendations	0	1.0	0	
drug treatment treatment	0	1.0	0	
excess energy intake	0	1.0	2	Advise adults with type 2 diabetes that limited substitution of sucrose-containing foods for other carbohydrate in the meal plan is allowable, but that they should take care to avoid excess energy intake.	Advise adults with type 2 diabetes that limited substitution of sucrose-containing foods for other carbohydrate in the meal plan is allowable, but that they should take care to avoid excess energy intake.	
future biosimilar product(s)	0	1.0	2	The recommendations in this guideline also apply to any current and future biosimilar product(s) of insulin glargine that have an appropriate marketing authorisation that allows the use of the biosimilar(s) in the same indication.	The recommendations in this guideline also apply to any current and future biosimilar product(s) of insulin glargine that have an appropriate marketing authorisation that allows the use of the biosimilar(s) in the same indication.	
generic angiotensin-converting enzyme	0	1.0	2	First-line antihypertensive drug treatment should be a once-daily, generic angiotensin-converting enzyme (ACE) inhibitor	First-line antihypertensive drug treatment should be a once-daily, generic angiotensin-converting enzyme (ACE) inhibitor	
generic calcium-channel blocker	0	1.0	2	Caribbean family origin should be an ACE inhibitor plus either a diuretic or a generic calcium-channel blocker.	Caribbean family origin should be an ACE inhibitor plus either a diuretic or a generic calcium-channel blocker.	
haemorrhage retinal detachment	0	1.0	2	Arrange emergency review by an ophthalmologist for: sudden loss of vision rubeosis iridis pre-retinal or vitreous haemorrhage retinal detachment.	Arrange emergency review by an ophthalmologist for: sudden loss of vision rubeosis iridis pre-retinal or vitreous haemorrhage retinal detachment.	
hyperglycaemia review treatment	0	1.0	0	
low blood pressure	0	1.0	2	Check for possible adverse effects of antihypertensive drug treatment – including the risks from unnecessarily low blood pressure.	Check for possible adverse effects of antihypertensive drug treatment – including the risks from unnecessarily low blood pressure.	
meal planning system	0	1.0	2	When adults with type 2 diabetes are admitted to hospital as inpatients or to any other care setting, implement a meal planning system that provides consistency in the carbohydrate content of meals and snacks.	When adults with type 2 diabetes are admitted to hospital as inpatients or to any other care setting, implement a meal planning system that provides consistency in the carbohydrate content of meals and snacks.	
measure blood pressure	0	1.0	2	Measure blood pressure at least annually in an adult with type 2 diabetes without previously diagnosed hypertension or renal disease	Measure blood pressure at least annually in an adult with type 2 diabetes without previously diagnosed hypertension or renal disease	
ml minute m2	0	1.0	6	Stop metformin if the eGFR is below 30 ml minute m2.	Stop metformin if the eGFR is below 30 ml minute m2.	In adults with type 2 diabetes, review the dose of metformin if the estimated glomerular filtration rate (eGFR) is below 45 ml minute m2:	Prescribe metformin with caution for those at risk of a sudden deterioration in kidney function and those at risk of eGFR falling below 45 ml minute m2.	In adults with type 2 diabetes, review the dose of metformin if the estimated glomerular filtration rate (eGFR) is below 45 ml minute m2:	Prescribe metformin with caution for those at risk of a sudden deterioration in kidney function and those at risk of eGFR falling below 45 ml minute m2.	
nervous system damage	0	1.0	2	Think about the possibility of contributory sympathetic nervous system damage for adults with type 2 diabetes who lose the warning signs of hypoglycaemia. 2009, amended 2015	Think about the possibility of contributory sympathetic nervous system damage for adults with type 2 diabetes who lose the warning signs of hypoglycaemia. 2009, amended 2015	
non-insulin blood glucose	0	1.0	6	Treatment with a single non-insulin blood glucose lowering therapy (monotherapy)	Treatment with 2 non-insulin blood glucose lowering therapies in combination (dual therapy)	Treatment with either 3 non-insulin blood glucose lowering therapies in combination (triple therapy) or any treatment combination containing insulin	Treatment with a single non-insulin blood glucose lowering therapy (monotherapy)	Treatment with 2 non-insulin blood glucose lowering therapies in combination (dual therapy)	Treatment with either 3 non-insulin blood glucose lowering therapies in combination (triple therapy) or any treatment combination containing insulin	
ongoing nutritional advice	0	1.0	2	Provide individualised and ongoing nutritional advice from a healthcare professional with specific expertise and competencies in nutrition.	Provide individualised and ongoing nutritional advice from a healthcare professional with specific expertise and competencies in nutrition.	
preventive lifestyle advice	0	1.0	2	Offer and reinforce preventive lifestyle advice.	Offer and reinforce preventive lifestyle advice.	
renal disease offer	0	1.0	0	
specialist care advice	0	1.0	2	In adults with type 2 diabetes, only offer a GLP-1 mimetic in combination with insulin with specialist care advice and ongoing support from a consultant-led multidisciplinary team .	In adults with type 2 diabetes, only offer a GLP-1 mimetic in combination with insulin with specialist care advice and ongoing support from a consultant-led multidisciplinary team .	
structured education programme	0	1.0	2	Ensure that any structured education programme for adults with type 2 diabetes includes the following components:	Ensure that any structured education programme for adults with type 2 diabetes includes the following components:	
sympathetic nervous system	0	1.0	2	Think about the possibility of contributory sympathetic nervous system damage for adults with type 2 diabetes who lose the warning signs of hypoglycaemia. 2009, amended 2015	Think about the possibility of contributory sympathetic nervous system damage for adults with type 2 diabetes who lose the warning signs of hypoglycaemia. 2009, amended 2015	
unexplained bladder-emptying problems	0	1.0	2	Investigate the possibility of autonomic neuropathy affecting the bladder in adults with type 2 diabetes who have unexplained bladder-emptying problems.	Investigate the possibility of autonomic neuropathy affecting the bladder in adults with type 2 diabetes who have unexplained bladder-emptying problems.	
vision rubeosis iridis	0	1.0	2	Arrange emergency review by an ophthalmologist for: sudden loss of vision rubeosis iridis pre-retinal or vitreous haemorrhage retinal detachment.	Arrange emergency review by an ophthalmologist for: sudden loss of vision rubeosis iridis pre-retinal or vitreous haemorrhage retinal detachment.	
vitreous haemorrhage retinal	0	1.0	2	Arrange emergency review by an ophthalmologist for: sudden loss of vision rubeosis iridis pre-retinal or vitreous haemorrhage retinal detachment.	Arrange emergency review by an ophthalmologist for: sudden loss of vision rubeosis iridis pre-retinal or vitreous haemorrhage retinal detachment.	
5–10percent individualise recommendations	0	0.9885	0	
body weight loss	0	0.9885	2	For adults with type 2 diabetes who are overweight, set an initial body weight loss target of 5–10percent	For adults with type 2 diabetes who are overweight, set an initial body weight loss target of 5–10percent	
initial body weight	0	0.9885	4	HbA1c and a weight loss of at least 3percent of initial body weight in 6 months).	HbA1c and a weight loss of at least 3percent of initial body weight in 6 months).	For adults with type 2 diabetes who are overweight, set an initial body weight loss target of 5–10percent	For adults with type 2 diabetes who are overweight, set an initial body weight loss target of 5–10percent	
weight loss target	0	0.9885	2	For adults with type 2 diabetes who are overweight, set an initial body weight loss target of 5–10percent	For adults with type 2 diabetes who are overweight, set an initial body weight loss target of 5–10percent	
problematic erectile dysfunction	0	0.9331	4	Assess, educate and support men with type 2 diabetes who have problematic erectile dysfunction, addressing contributory factors such as cardiovascular disease as well as possible treatment options.	Consider a phosphodiesterase-5 inhibitor to treat problematic erectile dysfunction in men with type 2 diabetes, initially choosing the drug with the lowest acquisition cost and taking into account any contraindications.	Assess, educate and support men with type 2 diabetes who have problematic erectile dysfunction, addressing contributory factors such as cardiovascular disease as well as possible treatment options.	Consider a phosphodiesterase-5 inhibitor to treat problematic erectile dysfunction in men with type 2 diabetes, initially choosing the drug with the lowest acquisition cost and taking into account any contraindications.	
diabetes encourage high-fibre	0	0.899	0	
healthy balanced eating	0	0.899	2	Emphasise advice on healthy balanced eating that is applicable to the general population when providing advice to adults with type 2 diabetes	Emphasise advice on healthy balanced eating that is applicable to the general population when providing advice to adults with type 2 diabetes	
low-fat dairy products	0	0.899	2	Encourage high-fibre, low-glycaemic-index sources of carbohydrate in the diet, such as fruit, vegetables, wholegrains and pulses; include low-fat dairy products and oily fish; and control the intake of foods containing saturated and trans fatty acids.	Encourage high-fibre, low-glycaemic-index sources of carbohydrate in the diet, such as fruit, vegetables, wholegrains and pulses; include low-fat dairy products and oily fish; and control the intake of foods containing saturated and trans fatty acids.	
caribbean family origin	0	0.8662	4	African or Caribbean family origin, or women for whom there is a possibility of becoming pregnant.	Caribbean family origin should be an ACE inhibitor plus either a diuretic or a generic calcium-channel blocker.	African or Caribbean family origin, or women for whom there is a possibility of becoming pregnant.	Caribbean family origin should be an ACE inhibitor plus either a diuretic or a generic calcium-channel blocker.	
gastrointestinal side effects	0	0.8662	4	Gradually increase the dose of standard-release metformin over several weeks to minimise the risk of gastrointestinal side effects in adults with type 2 diabetes.	If an adult with type 2 diabetes experiences gastrointestinal side effects with standard-release metformin, consider a trial of modified-release metformin.	Gradually increase the dose of standard-release metformin over several weeks to minimise the risk of gastrointestinal side effects in adults with type 2 diabetes.	If an adult with type 2 diabetes experiences gastrointestinal side effects with standard-release metformin, consider a trial of modified-release metformin.	
first-line antihypertensive drug	0	0.788	6	First-line antihypertensive drug treatment should be a once-daily, generic angiotensin-converting enzyme (ACE) inhibitor	The first-line antihypertensive drug treatment for a person of African or	A calcium-channel blocker should be the first-line antihypertensive drug treatment for a woman for whom, after an informed discussion, it is agreed there is a possibility of her becoming pregnant.	First-line antihypertensive drug treatment should be a once-daily, generic angiotensin-converting enzyme (ACE) inhibitor	The first-line antihypertensive drug treatment for a person of African or	A calcium-channel blocker should be the first-line antihypertensive drug treatment for a woman for whom, after an informed discussion, it is agreed there is a possibility of her becoming pregnant.	
drug treatment offer	0	0.7251	0	
low hba1c level	0	0.7251	2	Be aware that there are other possible reasons for a low HbA1c level, for example, deteriorating renal function or sudden weight loss.	Be aware that there are other possible reasons for a low HbA1c level, for example, deteriorating renal function or sudden weight loss.	
offer standard-release metformin	0	0.7251	2	Offer standard-release metformin as the initial drug treatment for adults with type 2 diabetes.	Offer standard-release metformin as the initial drug treatment for adults with type 2 diabetes.	
sudden weight loss	0	0.7251	2	Be aware that there are other possible reasons for a low HbA1c level, for example, deteriorating renal function or sudden weight loss.	Be aware that there are other possible reasons for a low HbA1c level, for example, deteriorating renal function or sudden weight loss.	
treatment offer standard-release	0	0.7251	0	
antihypertensive drug treatments	0	0.6826	2	When using tricyclic drugs and antihypertensive drug treatments in adults with type 2 diabetes who have autonomic neuropathy, be aware of the increased likelihood of side effects such as orthostatic hypotension.	When using tricyclic drugs and antihypertensive drug treatments in adults with type 2 diabetes who have autonomic neuropathy, be aware of the increased likelihood of side effects such as orthostatic hypotension.	
current medical standards	0	0.6345	4	DVLA guidance (At a glance guide to the current medical standards of fitness to drive) management of hypoglycaemia management of acute changes in plasma glucose control support from an appropriately trained and experienced healthcare professional.	DVLA guidance (At a glance guide to the current medical standards of fitness to drive) management of hypoglycaemia management of acute changes in plasma glucose control support from an appropriately trained and experienced healthcare professional.	Take the Driver and Vehicle Licensing Agency (DVLA) At a glance guide to the current medical standards of fitness to drive into account when offering self-monitoring of blood glucose levels for adults with type 2 diabetes.	Take the Driver and Vehicle Licensing Agency (DVLA) At a glance guide to the current medical standards of fitness to drive into account when offering self-monitoring of blood glucose levels for adults with type 2 diabetes.	
erratic blood glucose	0	0.6345	2	Think about a diagnosis of gastroparesis in adults with type 2 diabetes with erratic blood glucose control or unexplained gastric bloating or vomiting, taking into account possible alternative diagnoses 2009, amended 2015	Think about a diagnosis of gastroparesis in adults with type 2 diabetes with erratic blood glucose control or unexplained gastric bloating or vomiting, taking into account possible alternative diagnoses 2009, amended 2015	
vehicle licensing agency	0	0.6345	2	Take the Driver and Vehicle Licensing Agency (DVLA) At a glance guide to the current medical standards of fitness to drive into account when offering self-monitoring of blood glucose levels for adults with type 2 diabetes.	Take the Driver and Vehicle Licensing Agency (DVLA) At a glance guide to the current medical standards of fitness to drive into account when offering self-monitoring of blood glucose levels for adults with type 2 diabetes.	
antihypertensive drug treatment	0	0.6083	14	For an adult with type 2 diabetes on antihypertensive drug treatment when diabetes is diagnosed, review blood pressure control and medications used.	Monitor blood pressure every 1–2 months, and intensify therapy if the person is already on antihypertensive drug treatment, until the blood pressure is consistently below 140 80 mmHg (below 130 80 mmHg if there is kidney, eye or cerebrovascular damage).	First-line antihypertensive drug treatment should be a once-daily, generic angiotensin-converting enzyme (ACE) inhibitor	The first-line antihypertensive drug treatment for a person of African or	A calcium-channel blocker should be the first-line antihypertensive drug treatment for a woman for whom, after an informed discussion, it is agreed there is a possibility of her becoming pregnant.	Check for possible adverse effects of antihypertensive drug treatment – including the risks from unnecessarily low blood pressure.	When using tricyclic drugs and antihypertensive drug treatments in adults with type 2 diabetes who have autonomic neuropathy, be aware of the increased likelihood of side effects such as orthostatic hypotension.	For an adult with type 2 diabetes on antihypertensive drug treatment when diabetes is diagnosed, review blood pressure control and medications used.	Monitor blood pressure every 1–2 months, and intensify therapy if the person is already on antihypertensive drug treatment, until the blood pressure is consistently below 140 80 mmHg (below 130 80 mmHg if there is kidney, eye or cerebrovascular damage).	First-line antihypertensive drug treatment should be a once-daily, generic angiotensin-converting enzyme (ACE) inhibitor	The first-line antihypertensive drug treatment for a person of African or	A calcium-channel blocker should be the first-line antihypertensive drug treatment for a woman for whom, after an informed discussion, it is agreed there is a possibility of her becoming pregnant.	Check for possible adverse effects of antihypertensive drug treatment – including the risks from unnecessarily low blood pressure.	When using tricyclic drugs and antihypertensive drug treatments in adults with type 2 diabetes who have autonomic neuropathy, be aware of the increased likelihood of side effects such as orthostatic hypotension.	
heart failure type	0	0.5773	0	
nice's guidance	0	0.5773	2	Treatment with sodium–glucose cotransporter 2 (SGLT-2) inhibitors , may be appropriate for some adults with type 2 diabetes if metformin is contraindicated or not tolerated (see NICE's guidance on canagliflozin, dapagliflozin and empagliflozin as monotherapies for treating type 2 diabetes).	Treatment with sodium–glucose cotransporter 2 (SGLT-2) inhibitors , may be appropriate for some adults with type 2 diabetes if metformin is contraindicated or not tolerated (see NICE's guidance on canagliflozin, dapagliflozin and empagliflozin as monotherapies for treating type 2 diabetes).	
lifestyle interventions section	0	0.5772	2	Provide lifestyle advice (see section in this guideline and the lifestyle interventions section in hypertension in adults NICE guideline CG127) if blood	Provide lifestyle advice (see section in this guideline and the lifestyle interventions section in hypertension in adults NICE guideline CG127) if blood	
monitor blood pressure	0	0.5772	2	Monitor blood pressure every 1–2 months, and intensify therapy if the person is already on antihypertensive drug treatment, until the blood pressure is consistently below 140 80 mmHg (below 130 80 mmHg if there is kidney, eye or cerebrovascular damage).	Monitor blood pressure every 1–2 months, and intensify therapy if the person is already on antihypertensive drug treatment, until the blood pressure is consistently below 140 80 mmHg (below 130 80 mmHg if there is kidney, eye or cerebrovascular damage).	
products regulatory agency	0	0.5754	14	Medicines and Healthcare products Regulatory Agency (MHRA) guidance (2017) warned that canagliflozin may increase the risk of lower-limb amputation (mainly toes) in people with type 2 diabetes	Medicines and Healthcare products Regulatory Agency (MHRA) guidance (2011) notes that cases of cardiac failure have been reported when pioglitazone was used in combination with insulin, especially in patients with risk factors for the development of cardiac failure	Medicines and Healthcare products Regulatory Agency (MHRA) guidance (2014) notes that domperidone is associated with a small increased risk of serious cardiac side effects	Medicines and Healthcare products Regulatory Agency (MHRA) guidance (2017) warned that canagliflozin may increase the risk of lower-limb amputation (mainly toes) in people with type 2 diabetes	Medicines and Healthcare products Regulatory Agency (MHRA) guidance (2011) notes that cases of cardiac failure have been reported when pioglitazone was used in combination with insulin, especially in patients with risk factors for the development of cardiac failure	Medicines and Healthcare products Regulatory Agency (MHRA) guidance (2014) notes that domperidone is associated with a small increased risk of serious cardiac side effects	Medicines and Healthcare products Regulatory Agency (MHRA) guidance (2011) advises that 'prescribers should review the safety and efficacy of pioglitazone in individuals after 3–6 months of treatment to ensure that only patients who are deriving benefit continue to be treated'.	Last updated May 2017 safety (see Medicines and Healthcare products Regulatory Agency MHRA guidance) and tolerability of the drug treatment(s) the person's individual clinical circumstances, for example, comorbidities, risks from polypharmacy the person's individual preferences and needs the licensed indications or combinations available cost (if 2 drugs in the same class are appropriate, choose the option with the lowest acquisition cost).	Medicines and Healthcare products Regulatory Agency (MHRA) guidance (2011) advises that 'prescribers should review the safety and efficacy of pioglitazone in individuals after 3–6 months of treatment to ensure that only patients who are deriving benefit continue to be treated'.	Medicines and Healthcare products Regulatory Agency (MHRA) guidance (2016) warned that serious, life-threatening, and fatal cases of diabetic ketoacidosis have been reported rarely in people taking an SGLT-2 inhibitor (a substantial proportion of the cases concerned off-label use in people with type 1 diabetes, which is not recommended)	Medicines and Healthcare products Regulatory Agency (MHRA) guidance (2011) advises that 'prescribers should review the safety and efficacy of pioglitazone in individuals after 3–6 months of treatment to ensure that only patients who are deriving benefit continue to be treated'.	Last updated May 2017 safety (see Medicines and Healthcare products Regulatory Agency MHRA guidance) and tolerability of the drug treatment(s) the person's individual clinical circumstances, for example, comorbidities, risks from polypharmacy the person's individual preferences and needs the licensed indications or combinations available cost (if 2 drugs in the same class are appropriate, choose the option with the lowest acquisition cost).	Medicines and Healthcare products Regulatory Agency (MHRA) guidance (2011) advises that 'prescribers should review the safety and efficacy of pioglitazone in individuals after 3–6 months of treatment to ensure that only patients who are deriving benefit continue to be treated'.	Medicines and Healthcare products Regulatory Agency (MHRA) guidance (2016) warned that serious, life-threatening, and fatal cases of diabetic ketoacidosis have been reported rarely in people taking an SGLT-2 inhibitor (a substantial proportion of the cases concerned off-label use in people with type 1 diabetes, which is not recommended)	
initial drug treatment	0	0.5628	12	Initial drug treatment	Initial drug treatment	Offer standard-release metformin as the initial drug treatment for adults with type 2 diabetes.	In adults with type 2 diabetes, if metformin is contraindicated or not tolerated, consider initial drug treatment with: a dipeptidyl peptidase-4 (DPP-4) inhibitor or pioglitazone or a sulfonylurea.	In adults with type 2 diabetes, if initial drug treatment with metformin has not continued to control HbA1c to below the person's individually agreed threshold for intensification, consider dual therapy with: metformin and a DPP-4 inhibitor or metformin and pioglitazone or metformin and a sulfonylurea.	In adults with type 2 diabetes, if metformin is contraindicated or not tolerated and initial drug treatment has not continued to control HbA1c to below the person's individually agreed threshold for intensification, consider dual therapy with: a DPP-4 inhibitor and pioglitazone or a DPP-4 inhibitor and a sulfonylurea or pioglitazone and a sulfonylurea.	Initial drug treatment	Initial drug treatment	Offer standard-release metformin as the initial drug treatment for adults with type 2 diabetes.	In adults with type 2 diabetes, if metformin is contraindicated or not tolerated, consider initial drug treatment with: a dipeptidyl peptidase-4 (DPP-4) inhibitor or pioglitazone or a sulfonylurea.	In adults with type 2 diabetes, if initial drug treatment with metformin has not continued to control HbA1c to below the person's individually agreed threshold for intensification, consider dual therapy with: metformin and a DPP-4 inhibitor or metformin and pioglitazone or metformin and a sulfonylurea.	In adults with type 2 diabetes, if metformin is contraindicated or not tolerated and initial drug treatment has not continued to control HbA1c to below the person's individually agreed threshold for intensification, consider dual therapy with: a DPP-4 inhibitor and pioglitazone or a DPP-4 inhibitor and a sulfonylurea or pioglitazone and a sulfonylurea.	
offer lifestyle advice	0	0.5335	2	Offer lifestyle advice and drug treatment to support adults with type 2 diabetes to achieve and maintain their HbA1c target (see section )	Offer lifestyle advice and drug treatment to support adults with type 2 diabetes to achieve and maintain their HbA1c target (see section )	
hba1c target encourage	0	0.5093	0	
individual hba1c target	0	0.5093	2	Involve adults with type 2 diabetes in decisions about their individual HbA1c target	Involve adults with type 2 diabetes in decisions about their individual HbA1c target	
investigate unexplained discrepancies	0	0.5093	2	Investigate unexplained discrepancies between HbA1c and other glucose measurements	Investigate unexplained discrepancies between HbA1c and other glucose measurements	
active insulin dose	0	0.5	2	When starting insulin therapy in adults with type 2 diabetes, use a structured programme employing active insulin dose titration that encompasses: injection technique, including rotating injection sites and avoiding repeated injections at the same point within sites continuing telephone support self-monitoring dose titration to target levels dietary understanding	When starting insulin therapy in adults with type 2 diabetes, use a structured programme employing active insulin dose titration that encompasses: injection technique, including rotating injection sites and avoiding repeated injections at the same point within sites continuing telephone support self-monitoring dose titration to target levels dietary understanding	
blood glucose results	0	0.5	2	The assessment should include: the person's self-monitoring skills the quality and frequency of testing checking that the person knows how to interpret the blood glucose results and what action to take the impact on the person's quality of life the continued benefit to the person the equipment used.	The assessment should include: the person's self-monitoring skills the quality and frequency of testing checking that the person knows how to interpret the blood glucose results and what action to take the impact on the person's quality of life the continued benefit to the person the equipment used.	
chronic kidney disease	0	0.5	2	NICE guideline on chronic kidney disease in adults.	NICE guideline on chronic kidney disease in adults.	
diabetes healthcare team	0	0.5	2	Ensure that all members of the diabetes healthcare team are familiar with the patient-education programmes available locally, that these programmes are integrated with the rest of the care pathway, and that adults with type 2 diabetes and their family members or carers (as appropriate) have the opportunity to contribute to the design and provision of local programmes.	Ensure that all members of the diabetes healthcare team are familiar with the patient-education programmes available locally, that these programmes are integrated with the rest of the care pathway, and that adults with type 2 diabetes and their family members or carers (as appropriate) have the opportunity to contribute to the design and provision of local programmes.	
diabetic foot problems	0	0.5	4	Diabetic foot problems	Diabetic foot problems	For guidance on preventing and managing foot problems in adults with type 2 diabetes, see the NICE guideline on diabetic foot problems.	For guidance on preventing and managing foot problems in adults with type 2 diabetes, see the NICE guideline on diabetic foot problems.	
estimated glomerular filtration	0	0.5	2	In adults with type 2 diabetes, review the dose of metformin if the estimated glomerular filtration rate (eGFR) is below 45 ml minute m2:	In adults with type 2 diabetes, review the dose of metformin if the estimated glomerular filtration rate (eGFR) is below 45 ml minute m2:	
eye screening service	0	0.5	2	On diagnosis, GPs should immediately refer adults with type 2 diabetes to the local eye screening service	On diagnosis, GPs should immediately refer adults with type 2 diabetes to the local eye screening service	
eye screening systems	0	0.5	2	Explain the reasons for, and success of, eye screening systems to adults with type 2 diabetes, so that attendance is not reduced by lack of knowledge or fear of outcome.	Explain the reasons for, and success of, eye screening systems to adults with type 2 diabetes, so that attendance is not reduced by lack of knowledge or fear of outcome.	
glomerular filtration rate	0	0.5	2	In adults with type 2 diabetes, review the dose of metformin if the estimated glomerular filtration rate (eGFR) is below 45 ml minute m2:	In adults with type 2 diabetes, review the dose of metformin if the estimated glomerular filtration rate (eGFR) is below 45 ml minute m2:	
insulin delivery section	0	0.5	2	For guidance on insulin delivery for adults with type 2 diabetes, see the insulin delivery section in the NICE guideline on type 1 diabetes.	For guidance on insulin delivery for adults with type 2 diabetes, see the insulin delivery section in the NICE guideline on type 1 diabetes.	
insulin dose titration	0	0.5	2	When starting insulin therapy in adults with type 2 diabetes, use a structured programme employing active insulin dose titration that encompasses: injection technique, including rotating injection sites and avoiding repeated injections at the same point within sites continuing telephone support self-monitoring dose titration to target levels dietary understanding	When starting insulin therapy in adults with type 2 diabetes, use a structured programme employing active insulin dose titration that encompasses: injection technique, including rotating injection sites and avoiding repeated injections at the same point within sites continuing telephone support self-monitoring dose titration to target levels dietary understanding	
local eye screening	0	0.5	2	On diagnosis, GPs should immediately refer adults with type 2 diabetes to the local eye screening service	On diagnosis, GPs should immediately refer adults with type 2 diabetes to the local eye screening service	
minority ethnic groups	0	0.5	2	If triple therapy with metformin and 2 other oral drugs (see recommendation ) is not effective, not tolerated or contraindicated, consider combination therapy with metformin, a sulfonylurea and a glucagon-like peptide-1 (GLP-1) mimetic for adults with type 2 diabetes who: have a BMI of 35 kg m2 or higher (adjust accordingly for people from black, Asian and other minority ethnic groups) and specific psychological or other medical problems associated with obesity or have a BMI lower than 35 kg m2and: for whom insulin therapy would have significant occupational implications or weight loss would benefit other significant obesity-related comorbidities.	If triple therapy with metformin and 2 other oral drugs (see recommendation ) is not effective, not tolerated or contraindicated, consider combination therapy with metformin, a sulfonylurea and a glucagon-like peptide-1 (GLP-1) mimetic for adults with type 2 diabetes who: have a BMI of 35 kg m2 or higher (adjust accordingly for people from black, Asian and other minority ethnic groups) and specific psychological or other medical problems associated with obesity or have a BMI lower than 35 kg m2and: for whom insulin therapy would have significant occupational implications or weight loss would benefit other significant obesity-related comorbidities.	
plasma glucose levels	0	0.5	2	The MHRA advised that healthcare professionals should test for raised ketones in people with ketoacidosis symptoms who are receiving an SGLT-2 inhibitor, even if their plasma glucose levels are near-normal.	The MHRA advised that healthcare professionals should test for raised ketones in people with ketoacidosis symptoms who are receiving an SGLT-2 inhibitor, even if their plasma glucose levels are near-normal.	
screening service type	0	0.5	0	
self-monitoring dose titration	0	0.5	2	When starting insulin therapy in adults with type 2 diabetes, use a structured programme employing active insulin dose titration that encompasses: injection technique, including rotating injection sites and avoiding repeated injections at the same point within sites continuing telephone support self-monitoring dose titration to target levels dietary understanding	When starting insulin therapy in adults with type 2 diabetes, use a structured programme employing active insulin dose titration that encompasses: injection technique, including rotating injection sites and avoiding repeated injections at the same point within sites continuing telephone support self-monitoring dose titration to target levels dietary understanding	
significant obesity-related comorbidities	0	0.5	2	If triple therapy with metformin and 2 other oral drugs (see recommendation ) is not effective, not tolerated or contraindicated, consider combination therapy with metformin, a sulfonylurea and a glucagon-like peptide-1 (GLP-1) mimetic for adults with type 2 diabetes who: have a BMI of 35 kg m2 or higher (adjust accordingly for people from black, Asian and other minority ethnic groups) and specific psychological or other medical problems associated with obesity or have a BMI lower than 35 kg m2and: for whom insulin therapy would have significant occupational implications or weight loss would benefit other significant obesity-related comorbidities.	If triple therapy with metformin and 2 other oral drugs (see recommendation ) is not effective, not tolerated or contraindicated, consider combination therapy with metformin, a sulfonylurea and a glucagon-like peptide-1 (GLP-1) mimetic for adults with type 2 diabetes who: have a BMI of 35 kg m2 or higher (adjust accordingly for people from black, Asian and other minority ethnic groups) and specific psychological or other medical problems associated with obesity or have a BMI lower than 35 kg m2and: for whom insulin therapy would have significant occupational implications or weight loss would benefit other significant obesity-related comorbidities.	
significant occupational implications	0	0.5	2	If triple therapy with metformin and 2 other oral drugs (see recommendation ) is not effective, not tolerated or contraindicated, consider combination therapy with metformin, a sulfonylurea and a glucagon-like peptide-1 (GLP-1) mimetic for adults with type 2 diabetes who: have a BMI of 35 kg m2 or higher (adjust accordingly for people from black, Asian and other minority ethnic groups) and specific psychological or other medical problems associated with obesity or have a BMI lower than 35 kg m2and: for whom insulin therapy would have significant occupational implications or weight loss would benefit other significant obesity-related comorbidities.	If triple therapy with metformin and 2 other oral drugs (see recommendation ) is not effective, not tolerated or contraindicated, consider combination therapy with metformin, a sulfonylurea and a glucagon-like peptide-1 (GLP-1) mimetic for adults with type 2 diabetes who: have a BMI of 35 kg m2 or higher (adjust accordingly for people from black, Asian and other minority ethnic groups) and specific psychological or other medical problems associated with obesity or have a BMI lower than 35 kg m2and: for whom insulin therapy would have significant occupational implications or weight loss would benefit other significant obesity-related comorbidities.	
support self-monitoring dose	0	0.5	2	When starting insulin therapy in adults with type 2 diabetes, use a structured programme employing active insulin dose titration that encompasses: injection technique, including rotating injection sites and avoiding repeated injections at the same point within sites continuing telephone support self-monitoring dose titration to target levels dietary understanding	When starting insulin therapy in adults with type 2 diabetes, use a structured programme employing active insulin dose titration that encompasses: injection technique, including rotating injection sites and avoiding repeated injections at the same point within sites continuing telephone support self-monitoring dose titration to target levels dietary understanding	
telephone support self-monitoring	0	0.5	2	When starting insulin therapy in adults with type 2 diabetes, use a structured programme employing active insulin dose titration that encompasses: injection technique, including rotating injection sites and avoiding repeated injections at the same point within sites continuing telephone support self-monitoring dose titration to target levels dietary understanding	When starting insulin therapy in adults with type 2 diabetes, use a structured programme employing active insulin dose titration that encompasses: injection technique, including rotating injection sites and avoiding repeated injections at the same point within sites continuing telephone support self-monitoring dose titration to target levels dietary understanding	
measure hba1c levels	0	0.4797	2	In adults with type 2 diabetes, measure HbA1c levels at: 3–6-monthly intervals (tailored to individual needs), until the HbA1c is stable on unchanging therapy 6-monthly intervals once the HbA1c level and blood glucose lowering therapy are stable.	In adults with type 2 diabetes, measure HbA1c levels at: 3–6-monthly intervals (tailored to individual needs), until the HbA1c is stable on unchanging therapy 6-monthly intervals once the HbA1c level and blood glucose lowering therapy are stable.	
therapy 6-monthly intervals	0	0.4797	2	In adults with type 2 diabetes, measure HbA1c levels at: 3–6-monthly intervals (tailored to individual needs), until the HbA1c is stable on unchanging therapy 6-monthly intervals once the HbA1c level and blood glucose lowering therapy are stable.	In adults with type 2 diabetes, measure HbA1c levels at: 3–6-monthly intervals (tailored to individual needs), until the HbA1c is stable on unchanging therapy 6-monthly intervals once the HbA1c level and blood glucose lowering therapy are stable.	
unchanging therapy 6-monthly	0	0.4797	2	In adults with type 2 diabetes, measure HbA1c levels at: 3–6-monthly intervals (tailored to individual needs), until the HbA1c is stable on unchanging therapy 6-monthly intervals once the HbA1c level and blood glucose lowering therapy are stable.	In adults with type 2 diabetes, measure HbA1c levels at: 3–6-monthly intervals (tailored to individual needs), until the HbA1c is stable on unchanging therapy 6-monthly intervals once the HbA1c level and blood glucose lowering therapy are stable.	
blood glucose levels	0	0.4489	12	In several cases, blood glucose levels were only moderately elevated	In several cases, blood glucose levels were only moderately elevated	Take the Driver and Vehicle Licensing Agency (DVLA) At a glance guide to the current medical standards of fitness to drive into account when offering self-monitoring of blood glucose levels for adults with type 2 diabetes.	Do not routinely offer self-monitoring of blood glucose levels for adults with type 2 diabetes unless: the person is on insulin or there is evidence of hypoglycaemic episodes or the person is on oral medication that may increase their risk of hypoglycaemia while driving or operating machinery or	Consider short-term self-monitoring of blood glucose levels in adults with type 2 diabetes (and review treatment as necessary): when starting treatment with oral or intravenous corticosteroids or to confirm suspected hypoglycaemia.	If adults with type 2 diabetes are self-monitoring their blood glucose levels, carry out a structured assessment at least annually	Consider pre-mixed (biphasic) preparations that include short-acting insulin analogues, rather than pre-mixed (biphasic) preparations that include short-acting human insulin preparations, if: a person prefers injecting insulin immediately before a meal or hypoglycaemia is a problem or blood glucose levels rise markedly after meals.	Take the Driver and Vehicle Licensing Agency (DVLA) At a glance guide to the current medical standards of fitness to drive into account when offering self-monitoring of blood glucose levels for adults with type 2 diabetes.	Do not routinely offer self-monitoring of blood glucose levels for adults with type 2 diabetes unless: the person is on insulin or there is evidence of hypoglycaemic episodes or the person is on oral medication that may increase their risk of hypoglycaemia while driving or operating machinery or	Consider short-term self-monitoring of blood glucose levels in adults with type 2 diabetes (and review treatment as necessary): when starting treatment with oral or intravenous corticosteroids or to confirm suspected hypoglycaemia.	If adults with type 2 diabetes are self-monitoring their blood glucose levels, carry out a structured assessment at least annually	Consider pre-mixed (biphasic) preparations that include short-acting insulin analogues, rather than pre-mixed (biphasic) preparations that include short-acting human insulin preparations, if: a person prefers injecting insulin immediately before a meal or hypoglycaemia is a problem or blood glucose levels rise markedly after meals.	
blood glucose control	0	0.4285	10	If HbA1c monitoring is invalid because of disturbed erythrocyte turnover or abnormal haemoglobin type, estimate trends in blood glucose control using one	If HbA1c monitoring is invalid because of disturbed erythrocyte turnover or abnormal haemoglobin type, estimate trends in blood glucose control using one	Last updated May 2017 on a case-by-case basis, with particular consideration for people who are older or frail, for adults with type 2 diabetes: who are unlikely to achieve longer-term risk-reduction benefits, for example, people with a reduced life expectancy for whom tight blood glucose control poses a high risk of the consequences of hypoglycaemia, for example, people who are at risk of falling, people who have impaired awareness of hypoglycaemia, and people who drive or operate machinery as part of their job for whom intensive management would not be appropriate, for example, people with significant comorbidities.	If an adult with type 2 diabetes is symptomatically hyperglycaemic, consider insulin (see recommendations – ) or a sulfonylurea, and review treatment when blood glucose control has been achieved.	Monitor adults with type 2 diabetes who are on pre-mixed (biphasic) insulin for the need for a further injection of short-acting insulin before meals or for a change to a basal bolus regimen with NPH insulin or insulin detemir or insulin glargine , if blood glucose control remains inadequate.	Think about a diagnosis of gastroparesis in adults with type 2 diabetes with erratic blood glucose control or unexplained gastric bloating or vomiting, taking into account possible alternative diagnoses 2009, amended 2015	Last updated May 2017 on a case-by-case basis, with particular consideration for people who are older or frail, for adults with type 2 diabetes: who are unlikely to achieve longer-term risk-reduction benefits, for example, people with a reduced life expectancy for whom tight blood glucose control poses a high risk of the consequences of hypoglycaemia, for example, people who are at risk of falling, people who have impaired awareness of hypoglycaemia, and people who drive or operate machinery as part of their job for whom intensive management would not be appropriate, for example, people with significant comorbidities.	If an adult with type 2 diabetes is symptomatically hyperglycaemic, consider insulin (see recommendations – ) or a sulfonylurea, and review treatment when blood glucose control has been achieved.	Monitor adults with type 2 diabetes who are on pre-mixed (biphasic) insulin for the need for a further injection of short-acting insulin before meals or for a change to a basal bolus regimen with NPH insulin or insulin detemir or insulin glargine , if blood glucose control remains inadequate.	Think about a diagnosis of gastroparesis in adults with type 2 diabetes with erratic blood glucose control or unexplained gastric bloating or vomiting, taking into account possible alternative diagnoses 2009, amended 2015	
basal bolus regimen	0	0.3954	2	Monitor adults with type 2 diabetes who are on pre-mixed (biphasic) insulin for the need for a further injection of short-acting insulin before meals or for a change to a basal bolus regimen with NPH insulin or insulin detemir or insulin glargine , if blood glucose control remains inadequate.	Monitor adults with type 2 diabetes who are on pre-mixed (biphasic) insulin for the need for a further injection of short-acting insulin before meals or for a change to a basal bolus regimen with NPH insulin or insulin detemir or insulin glargine , if blood glucose control remains inadequate.	
blood pressure measurements	0	0.3626	2	Repeat blood pressure measurements within: 1 month if blood pressure is higher than 150 90 mmHg 2 months if blood pressure is higher than 140 80 mmHg 2 months if blood pressure is higher than 130 80 mmHg and there is kidney, eye or cerebrovascular damage.	Repeat blood pressure measurements within: 1 month if blood pressure is higher than 150 90 mmHg 2 months if blood pressure is higher than 140 80 mmHg 2 months if blood pressure is higher than 130 80 mmHg and there is kidney, eye or cerebrovascular damage.	
repeat blood pressure	0	0.3626	2	Repeat blood pressure measurements within: 1 month if blood pressure is higher than 150 90 mmHg 2 months if blood pressure is higher than 140 80 mmHg 2 months if blood pressure is higher than 130 80 mmHg and there is kidney, eye or cerebrovascular damage.	Repeat blood pressure measurements within: 1 month if blood pressure is higher than 150 90 mmHg 2 months if blood pressure is higher than 140 80 mmHg 2 months if blood pressure is higher than 130 80 mmHg and there is kidney, eye or cerebrovascular damage.	
agency mhra guidance	0	0.3334	2	Last updated May 2017 safety (see Medicines and Healthcare products Regulatory Agency MHRA guidance) and tolerability of the drug treatment(s) the person's individual clinical circumstances, for example, comorbidities, risks from polypharmacy the person's individual preferences and needs the licensed indications or combinations available cost (if 2 drugs in the same class are appropriate, choose the option with the lowest acquisition cost).	Last updated May 2017 safety (see Medicines and Healthcare products Regulatory Agency MHRA guidance) and tolerability of the drug treatment(s) the person's individual clinical circumstances, for example, comorbidities, risks from polypharmacy the person's individual preferences and needs the licensed indications or combinations available cost (if 2 drugs in the same class are appropriate, choose the option with the lowest acquisition cost).	
individual clinical circumstances	0	0.3334	2	Last updated May 2017 safety (see Medicines and Healthcare products Regulatory Agency MHRA guidance) and tolerability of the drug treatment(s) the person's individual clinical circumstances, for example, comorbidities, risks from polypharmacy the person's individual preferences and needs the licensed indications or combinations available cost (if 2 drugs in the same class are appropriate, choose the option with the lowest acquisition cost).	Last updated May 2017 safety (see Medicines and Healthcare products Regulatory Agency MHRA guidance) and tolerability of the drug treatment(s) the person's individual clinical circumstances, for example, comorbidities, risks from polypharmacy the person's individual preferences and needs the licensed indications or combinations available cost (if 2 drugs in the same class are appropriate, choose the option with the lowest acquisition cost).	
metabolic response type	0	0.3334	0	
regulatory agency mhra	0	0.3334	2	Last updated May 2017 safety (see Medicines and Healthcare products Regulatory Agency MHRA guidance) and tolerability of the drug treatment(s) the person's individual clinical circumstances, for example, comorbidities, risks from polypharmacy the person's individual preferences and needs the licensed indications or combinations available cost (if 2 drugs in the same class are appropriate, choose the option with the lowest acquisition cost).	Last updated May 2017 safety (see Medicines and Healthcare products Regulatory Agency MHRA guidance) and tolerability of the drug treatment(s) the person's individual clinical circumstances, for example, comorbidities, risks from polypharmacy the person's individual preferences and needs the licensed indications or combinations available cost (if 2 drugs in the same class are appropriate, choose the option with the lowest acquisition cost).	
single non-insulin blood	0	0.3334	2	Treatment with a single non-insulin blood glucose lowering therapy (monotherapy)	Treatment with a single non-insulin blood glucose lowering therapy (monotherapy)	
excess weight gain	0	0.3333	2	For recommendations on lifestyle advice, see the NICE guidelines on: preventing excess weight gain, weight management, obesity, physical activity, smoking: brief interventions and referrals, stop smoking services, smoking: harm reduction, and smoking: acute, maternity and mental health services.	For recommendations on lifestyle advice, see the NICE guidelines on: preventing excess weight gain, weight management, obesity, physical activity, smoking: brief interventions and referrals, stop smoking services, smoking: harm reduction, and smoking: acute, maternity and mental health services.	
human insulin preparations	0	0.3333	2	Consider pre-mixed (biphasic) preparations that include short-acting insulin analogues, rather than pre-mixed (biphasic) preparations that include short-acting human insulin preparations, if: a person prefers injecting insulin immediately before a meal or hypoglycaemia is a problem or blood glucose levels rise markedly after meals.	Consider pre-mixed (biphasic) preparations that include short-acting insulin analogues, rather than pre-mixed (biphasic) preparations that include short-acting human insulin preparations, if: a person prefers injecting insulin immediately before a meal or hypoglycaemia is a problem or blood glucose levels rise markedly after meals.	
licensed non-metformin-based combination	0	0.3333	4	However, discuss with any person for whom repaglinide is being considered, that there is no licensed non-metformin-based combination containing repaglinide that can be offered at first intensification.	However, discuss with any person for whom repaglinide is being considered, that there is no licensed non-metformin-based combination containing repaglinide that can be offered at first intensification.	However, discuss with any person for whom repaglinide is being considered, that there is no licensed non-metformin-based combination containing repaglinide that can be offered at first intensification.	However, discuss with any person for whom repaglinide is being considered, that there is no licensed non-metformin-based combination containing repaglinide that can be offered at first intensification.	
mental health services	1	0.3333	2	For recommendations on lifestyle advice, see the NICE guidelines on: preventing excess weight gain, weight management, obesity, physical activity, smoking: brief interventions and referrals, stop smoking services, smoking: harm reduction, and smoking: acute, maternity and mental health services.	For recommendations on lifestyle advice, see the NICE guidelines on: preventing excess weight gain, weight management, obesity, physical activity, smoking: brief interventions and referrals, stop smoking services, smoking: harm reduction, and smoking: acute, maternity and mental health services.	
short-acting human insulin	0	0.3333	2	Consider pre-mixed (biphasic) preparations that include short-acting insulin analogues, rather than pre-mixed (biphasic) preparations that include short-acting human insulin preparations, if: a person prefers injecting insulin immediately before a meal or hypoglycaemia is a problem or blood glucose levels rise markedly after meals.	Consider pre-mixed (biphasic) preparations that include short-acting insulin analogues, rather than pre-mixed (biphasic) preparations that include short-acting human insulin preparations, if: a person prefers injecting insulin immediately before a meal or hypoglycaemia is a problem or blood glucose levels rise markedly after meals.	
short-acting insulin analogues	0	0.3333	2	Consider pre-mixed (biphasic) preparations that include short-acting insulin analogues, rather than pre-mixed (biphasic) preparations that include short-acting human insulin preparations, if: a person prefers injecting insulin immediately before a meal or hypoglycaemia is a problem or blood glucose levels rise markedly after meals.	Consider pre-mixed (biphasic) preparations that include short-acting insulin analogues, rather than pre-mixed (biphasic) preparations that include short-acting human insulin preparations, if: a person prefers injecting insulin immediately before a meal or hypoglycaemia is a problem or blood glucose levels rise markedly after meals.	
target hba1c level	0	0.3098	2	Consider relaxing the target HbA1c level (see recommendations and )	Consider relaxing the target HbA1c level (see recommendations and )	
tight blood glucose	0	0.3098	2	Last updated May 2017 on a case-by-case basis, with particular consideration for people who are older or frail, for adults with type 2 diabetes: who are unlikely to achieve longer-term risk-reduction benefits, for example, people with a reduced life expectancy for whom tight blood glucose control poses a high risk of the consequences of hypoglycaemia, for example, people who are at risk of falling, people who have impaired awareness of hypoglycaemia, and people who drive or operate machinery as part of their job for whom intensive management would not be appropriate, for example, people with significant comorbidities.	Last updated May 2017 on a case-by-case basis, with particular consideration for people who are older or frail, for adults with type 2 diabetes: who are unlikely to achieve longer-term risk-reduction benefits, for example, people with a reduced life expectancy for whom tight blood glucose control poses a high risk of the consequences of hypoglycaemia, for example, people who are at risk of falling, people who have impaired awareness of hypoglycaemia, and people who drive or operate machinery as part of their job for whom intensive management would not be appropriate, for example, people with significant comorbidities.	
basal insulin regimen	0	0.1977	2	Monitor adults with type 2 diabetes who are on a basal insulin regimen (NPH insulin, insulin detemir or insulin glargine ) for the need for short-acting insulin before meals (or a pre-mixed biphasic insulin preparation).	Monitor adults with type 2 diabetes who are on a basal insulin regimen (NPH insulin, insulin detemir or insulin glargine ) for the need for short-acting insulin before meals (or a pre-mixed biphasic insulin preparation).	
biphasic insulin preparation	0	0.1977	2	Monitor adults with type 2 diabetes who are on a basal insulin regimen (NPH insulin, insulin detemir or insulin glargine ) for the need for short-acting insulin before meals (or a pre-mixed biphasic insulin preparation).	Monitor adults with type 2 diabetes who are on a basal insulin regimen (NPH insulin, insulin detemir or insulin glargine ) for the need for short-acting insulin before meals (or a pre-mixed biphasic insulin preparation).	
nph insulin injections	0	0.1977	2	Consider, as an alternative to NPH insulin, using insulin detemir or insulin glargine if: the person needs assistance from a carer or healthcare professional to inject insulin, and use of insulin detemir or insulin glargine would reduce the frequency of injections from twice to once daily or the person's lifestyle is restricted by recurrent symptomatic hypoglycaemic episodes or the person would otherwise need twice-daily NPH insulin injections in combination with oral glucose-lowering drugs.	Consider, as an alternative to NPH insulin, using insulin detemir or insulin glargine if: the person needs assistance from a carer or healthcare professional to inject insulin, and use of insulin detemir or insulin glargine would reduce the frequency of injections from twice to once daily or the person's lifestyle is restricted by recurrent symptomatic hypoglycaemic episodes or the person would otherwise need twice-daily NPH insulin injections in combination with oral glucose-lowering drugs.	
oral glucose-lowering drugs	0	0.1977	2	Consider, as an alternative to NPH insulin, using insulin detemir or insulin glargine if: the person needs assistance from a carer or healthcare professional to inject insulin, and use of insulin detemir or insulin glargine would reduce the frequency of injections from twice to once daily or the person's lifestyle is restricted by recurrent symptomatic hypoglycaemic episodes or the person would otherwise need twice-daily NPH insulin injections in combination with oral glucose-lowering drugs.	Consider, as an alternative to NPH insulin, using insulin detemir or insulin glargine if: the person needs assistance from a carer or healthcare professional to inject insulin, and use of insulin detemir or insulin glargine would reduce the frequency of injections from twice to once daily or the person's lifestyle is restricted by recurrent symptomatic hypoglycaemic episodes or the person would otherwise need twice-daily NPH insulin injections in combination with oral glucose-lowering drugs.	
pre-mixed biphasic insulin	0	0.1977	2	Monitor adults with type 2 diabetes who are on a basal insulin regimen (NPH insulin, insulin detemir or insulin glargine ) for the need for short-acting insulin before meals (or a pre-mixed biphasic insulin preparation).	Monitor adults with type 2 diabetes who are on a basal insulin regimen (NPH insulin, insulin detemir or insulin glargine ) for the need for short-acting insulin before meals (or a pre-mixed biphasic insulin preparation).	
start insulin therapy	0	0.1977	2	Start insulin therapy for adults with type 2 diabetes from a choice of a number of insulin types and regimens:	Start insulin therapy for adults with type 2 diabetes from a choice of a number of insulin types and regimens:	
symptomatic hypoglycaemic episodes	0	0.1977	2	Consider, as an alternative to NPH insulin, using insulin detemir or insulin glargine if: the person needs assistance from a carer or healthcare professional to inject insulin, and use of insulin detemir or insulin glargine would reduce the frequency of injections from twice to once daily or the person's lifestyle is restricted by recurrent symptomatic hypoglycaemic episodes or the person would otherwise need twice-daily NPH insulin injections in combination with oral glucose-lowering drugs.	Consider, as an alternative to NPH insulin, using insulin detemir or insulin glargine if: the person needs assistance from a carer or healthcare professional to inject insulin, and use of insulin detemir or insulin glargine would reduce the frequency of injections from twice to once daily or the person's lifestyle is restricted by recurrent symptomatic hypoglycaemic episodes or the person would otherwise need twice-daily NPH insulin injections in combination with oral glucose-lowering drugs.	
twice-daily nph insulin	0	0.1977	2	Consider, as an alternative to NPH insulin, using insulin detemir or insulin glargine if: the person needs assistance from a carer or healthcare professional to inject insulin, and use of insulin detemir or insulin glargine would reduce the frequency of injections from twice to once daily or the person's lifestyle is restricted by recurrent symptomatic hypoglycaemic episodes or the person would otherwise need twice-daily NPH insulin injections in combination with oral glucose-lowering drugs.	Consider, as an alternative to NPH insulin, using insulin detemir or insulin glargine if: the person needs assistance from a carer or healthcare professional to inject insulin, and use of insulin detemir or insulin glargine would reduce the frequency of injections from twice to once daily or the person's lifestyle is restricted by recurrent symptomatic hypoglycaemic episodes or the person would otherwise need twice-daily NPH insulin injections in combination with oral glucose-lowering drugs.	
